transportation_bureau,prefectures_name,route_name,rc_name,rc_kana,rc_address,lat,lng
近畿,兵庫,加古川線,日岡第二,ひおかだいに,兵庫県加古川市加古川町中津字樋掛388-2,34.770854,134.850095
近畿,兵庫,加古川線,日岡第三,ひおかだいさん,兵庫県加古川市加古川町大野字穴バリ388-2,34.77349074,134.8525032
近畿,兵庫,加古川線,日岡第四,ひおかだいよん,兵庫県加古川市加古川町大野字穴バリ388-2,34.77579868,134.8546208
近畿,兵庫,加古川線,日岡,ひおか,兵庫県加古川市加古川町大野字イトミ203-4,34.77752217,134.8561799
近畿,兵庫,加古川線,大野西,おおのにし,兵庫県加古川市加古川町大野字早瀬1155-3,34.77926162,134.8578001
近畿,兵庫,加古川線,宮ノ下,みやのした,兵庫県加古川市加古川町大野字大町50-2,34.78050569,134.8590729
近畿,兵庫,加古川線,釣橋,つりばし,兵庫県加古川市神野町西ノ山字迎野248-2,34.78550002,134.8664236
近畿,兵庫,加古川線,神野第一,かんのだいいち,兵庫県加古川市神野町神野字茶ノ木1648-3,34.78995541,134.8725488
近畿,兵庫,加古川線,神野第二,かんのだいに,兵庫県加古川市神野町下西条字渡り上り146-3,34.79056709,134.8762811
近畿,兵庫,加古川線,神野駅西,かんのえきにし,兵庫県加古川市神野町西条字中川原610-2,0,0
近畿,兵庫,加古川線,下西条,しもさいじょう,兵庫県加古川市神野町下西条字山崎804-9,0,0
近畿,兵庫,加古川線,神野第三,かんのだいさん,兵庫県加古川市神野町下西条字山崎763,0,0
近畿,兵庫,加古川線,中西条,なかさいじょう,兵庫県加古川市八幡町中西条字城山930-2,0,0
近畿,兵庫,加古川線,平松,ひらまつ,兵庫県加古川市八幡町中西条字岩ノ上906-2,0,0
近畿,兵庫,加古川線,中西条第一,なかさいじょうだいいち,兵庫県加古川市八幡町中西条字古川通り839,0,0
近畿,兵庫,加古川線,中西条第二,なかさいじょうだいに,兵庫県加古川市八幡町中西条字外開719-4,0,0
近畿,兵庫,加古川線,上西条,かみさいじょう,兵庫県加古川市八幡町上西条字開1073-3,0,0
近畿,兵庫,加古川線,船町第二,ふなまちだいに,兵庫県加古川市八幡町船町字辻外165-2,0,0
近畿,兵庫,加古川線,国包,くにかね,兵庫県加古川市上荘町国包字土堤外846,0,0
近畿,兵庫,加古川線,井之口第一,いのくちだいいち,兵庫県加古川市上荘町井之口字南浦434-2,0,0
近畿,兵庫,加古川線,井之口第二,いのくちだいに,兵庫県加古川市上荘町井之口字山茶前312-2,0,0
近畿,兵庫,加古川線,井之口,いのくち,兵庫県加古川市上荘町井之口字堀垣内331-2,0,0
近畿,兵庫,加古川線,井之口第三,いのくちだいさん,兵庫県加古川市上荘町井之口字上条135-2,0,0
近畿,兵庫,加古川線,黍田第一,きびただいいち,兵庫県小野市黍田町黍田字岡ノ垣内537-1,0,0
近畿,兵庫,加古川線,黍田第三,きびただいさん,兵庫県小野市黍田町黍田字屋敷田664-2,0,0
近畿,兵庫,加古川線,黍田第四,きびただいよん,兵庫県小野市下来住町字下野723-2,0,0
近畿,兵庫,加古川線,中村第一,なかむらだいいち,兵庫県小野市下来住町字田中前883-2,0,0
近畿,兵庫,加古川線,中村第二,なかむらだいに,兵庫県小野市下来住町字田中前940-2,0,0
近畿,兵庫,加古川線,中村第三,なかむらだいさん,兵庫県小野市下来住町字松ヶ内965-3,0,0
近畿,兵庫,加古川線,高田,たかた,兵庫県小野市下来住町字屋形1194-3,0,0
近畿,兵庫,加古川線,深田,ふかた,兵庫県小野市下来住町字深田749-2,0,0
近畿,兵庫,加古川線,船本第一,ふなもとだいいち,兵庫県小野市下来住町字三反田890-2,0,0
近畿,兵庫,加古川線,西脇,にしわき,兵庫県小野市阿形町字山林下320-2,0,0
近畿,兵庫,加古川線,嶋,しま,兵庫県小野市栗生町字嶋田1714-5,0,0
近畿,兵庫,加古川線,森岡,もりおか,兵庫県小野市栗生町字栗生城1195-3,0,0
近畿,兵庫,加古川線,丁田,ちょうだ,兵庫県小野市栗生町字アラゴ1011-2,0,0
近畿,兵庫,加古川線,粟島,あわしま,兵庫県小野市栗生町字田井814,0,0
近畿,兵庫,加古川線,北条第二,ほうじょうだいに,兵庫県小野市栗生町字北条376-3,0,0
近畿,兵庫,加古川線,池向,いけむかい,兵庫県小野市栗生町字高堰425-2,0,0
近畿,兵庫,加古川線,西森,にしもり,兵庫県小野市三和町字カト川569-6,0,0
近畿,兵庫,加古川線,中島,なかじま,兵庫県小野市三和町字畑ノ下777-2,0,0
近畿,兵庫,加古川線,中田,なかた,兵庫県小野市新部町字仲田938-4,0,0
近畿,兵庫,加古川線,河合西,かわいにし,兵庫県小野市新部町字西久保田645-5,0,0
近畿,兵庫,加古川線,力万表,りきまんおもて,兵庫県小野市新部町字力万468-2,0,0
近畿,兵庫,加古川線,西村南,にしむらみなみ,兵庫県小野市河合西町字城成281-1,0,0
近畿,兵庫,加古川線,西村,にしむら,兵庫県小野市河合西町字阿東27-2,0,0
近畿,兵庫,加古川線,矢松,やまつ,兵庫県小野市河合中町字都宿垣内1045-2,0,0
近畿,兵庫,加古川線,トネガ池,とねがいけ,兵庫県小野市河合中町字大木770-2,0,0
近畿,兵庫,加古川線,番門,ばんもん,兵庫県小野市河合中町字中座901-7,0,0
近畿,兵庫,加古川線,十郎,じゆうろう,兵庫県小野市復井町字十郎363-3,0,0
近畿,兵庫,加古川線,大門廠舎正門,だいもんしょうしゃせいもん,兵庫県小野市復井町字カワラヤ1295-3,0,0
近畿,兵庫,加古川線,大門廠舎裏門,だいもんしょうしゃうらもん,兵庫県小野市復井町字西ノ澤1573-2,0,0
近畿,兵庫,加古川線,安取,あつとり,兵庫県加東市河高字オケ谷2960-2,0,0
近畿,兵庫,加古川線,安取北坂,あつとりきたざか,兵庫県加東市河高オケ谷2954-2,0,0
近畿,兵庫,加古川線,社,やしろ,兵庫県加東市河高字下ノ池2459-2,0,0
近畿,兵庫,加古川線,河高第二,こうだかだいに,兵庫県加東市河高字上ノ池尻1924-2,0,0
近畿,兵庫,加古川線,河高第三,こうだかだいさん,兵庫県加東市河高字西坂1481-2,0,0
近畿,兵庫,加古川線,宇仁谷,うにだに,兵庫県加東市河高字西ノ前1256-2,0,0
近畿,兵庫,加古川線,御茶山,おちゃやま,兵庫県加東市河高字御茶山658-3,0,0
近畿,兵庫,加古川線,焼山,やきやま,兵庫県加東市河高字中川原63-5,0,0
近畿,兵庫,加古川線,厄神道,やくじんみち,兵庫県加東市下滝野字林之元137-2,0,0
近畿,兵庫,加古川線,国正,くにまさ,兵庫県加東市下滝野字下之山913-2,0,0
近畿,兵庫,加古川線,西村第二,にしむらだいに,兵庫県加東市下滝野字行里1032-2,0,0
近畿,兵庫,加古川線,光明寺道,こうみょうじみち,兵庫県加東市下滝野字八之坪1221-2,0,0
近畿,兵庫,加古川線,上滝野,かみたきの,兵庫県加東市上滝野字三反郷893-3,0,0
近畿,兵庫,加古川線,宮前Ａ,みやまえ,兵庫県加東市上滝野字梅田849-2,0,0
近畿,兵庫,加古川線,上滝町,かみたきちょう,兵庫県加東市上滝野字滝之端618-2,0,0
近畿,兵庫,加古川線,変電所,へんでんしょ,兵庫県加東市上滝野字大歳323-2,0,0
近畿,兵庫,加古川線,大谷,おおたに,兵庫県加東市上滝野字芝崎248-2,0,0
近畿,兵庫,加古川線,滝,たき,兵庫県加東市上滝野字西長瀬185-2,0,0
近畿,兵庫,加古川線,板波,いたば,兵庫県西脇市板波町字三高710-8,0,0
近畿,兵庫,加古川線,板波墓道,いたばはかみち,兵庫県西脇市板波町字西池町468-2,0,0
近畿,兵庫,加古川線,板波第二,いたばだいに,兵庫県西脇市板波町字中垣内598-2,0,0
近畿,兵庫,加古川線,板波第三,いたばだいさん,兵庫県西脇市板波町字北垣内574-2,0,0
近畿,兵庫,加古川線,野村第二,のむらだいに,兵庫県西脇市野村町字薬師ノ下857-2,0,0
近畿,兵庫,加古川線,野村第三,のむらだいさん,兵庫県西脇市野村町字八幡垣内1006-2,0,0
近畿,兵庫,加古川線,野村,のむら,兵庫県西脇市野村町字八幡垣内1054-2,0,0
近畿,兵庫,加古川線,和布第一,わふだいいち,兵庫県西脇市和布町字山根110-2,0,0
近畿,兵庫,加古川線,和布第二,わふだいに,兵庫県西脇市堀町字前山199-10,0,0
近畿,兵庫,加古川線,堀,ほり,兵庫県西脇市堀町字東河原184-3,0,0
近畿,兵庫,加古川線,高島第一,たかしまだいいち,兵庫県西脇市堀町字東河原192-2,0,0
近畿,兵庫,加古川線,高島第三,たかしまだいさん,兵庫県西脇市高島町字山添239-2,0,0
近畿,兵庫,加古川線,下比延,しもひえ,兵庫県西脇市鹿野町字中ノ垣内430-5,0,0
近畿,兵庫,加古川線,下比延第二,しもひえだいに,兵庫県西脇市鹿野町字五明449-4,0,0
近畿,兵庫,加古川線,比延,ひえ,兵庫県西脇市比延町字西川原397-2,0,0
近畿,兵庫,加古川線,上比延,かみひえ,兵庫県西脇市黒田庄町福地字百合661-37,0,0
近畿,兵庫,加古川線,福地,ふくぢ,兵庫県西脇市黒田庄町福地字島田610-2,0,0
近畿,兵庫,加古川線,大田,おおた,兵庫県西脇市黒田庄町福地字大田358-2,0,0
近畿,兵庫,加古川線,上福地,かみふくぢ,兵庫県西脇市黒田庄町福地字北張田315-2,0,0
近畿,兵庫,加古川線,下岡,しもおか,兵庫県西脇市黒田庄町岡字出口831-2,0,0
近畿,兵庫,加古川線,岡,おか,兵庫県西脇市黒田庄町岡字二ノ門385-2,0,0
近畿,兵庫,加古川線,宮前Ｂ,みやまえ,兵庫県西脇市黒田庄町岡字二ノ門377-15,0,0
近畿,兵庫,加古川線,喜多第一,きただいいち,兵庫県西脇市黒田庄町喜多字東所242-2,0,0
近畿,兵庫,加古川線,喜多第二,きただいに,兵庫県西脇市黒田庄町喜多字出栗337-2,0,0
近畿,兵庫,加古川線,喜多第三,きただいさん,兵庫県西脇市黒田庄町喜多字東天神546-4,0,0
近畿,兵庫,加古川線,前坂,まえさか,兵庫県西脇市黒田庄町喜多字下曽根937-3,0,0
近畿,兵庫,加古川線,前坂第二,まえさかだいに,兵庫県西脇市黒田庄町喜多字置土居1028-2,0,0
近畿,兵庫,加古川線,前坂第四,まえさかだいよん,兵庫県西脇市黒田庄町前坂字中島1000-2,0,0
近畿,兵庫,加古川線,山鼻,やまはな,兵庫県西脇市黒田庄町前坂字山端1071-2,0,0
近畿,兵庫,加古川線,西,にし,兵庫県西脇市黒田庄町黒田字大年ノ本149-14,0,0
近畿,兵庫,加古川線,黒田,くろだ,兵庫県西脇市黒田庄町黒田字西内1114-2,0,0
近畿,兵庫,加古川線,大坪,おおつぼ,兵庫県西脇市黒田庄町黒田字柏木谷1581-42,0,0
近畿,兵庫,加古川線,段,だん,兵庫県西脇市黒田庄町船町字川東706-2,0,0
近畿,兵庫,加古川線,前山,まえやま,兵庫県西脇市黒田庄町小苗字前山587-43,0,0
近畿,兵庫,加古川線,小苗第二,こなえだいに,兵庫県西脇市黒田庄町小苗字前田109-2,0,0
近畿,兵庫,加古川線,小苗,こなえ,兵庫県西脇市黒田庄町小苗字大森585-27,0,0
近畿,兵庫,加古川線,桜の木,さくらのき,兵庫県丹波市山南町谷川字野田775-2,0,0
近畿,兵庫,加古川線,久下村,くげむら,兵庫県丹波市山南町谷川字柳ノ本571-3,0,0
近畿,兵庫,加古川線,谷川,たにがわ,兵庫県丹波市山南町谷川字柳ノ本528-2,0,0
近畿,兵庫,加古川線,金屋,かねや,兵庫県丹波市山南町谷川字北ノ下361-2,0,0
近畿,兵庫,加古川線,下井,しもい,兵庫県丹波市山南町谷川字下井217-5,0,0
近畿,兵庫,加古川線,岡本第一,おかもとだいいち,兵庫県丹波市山南町岡本字北条183-2,0,0
近畿,兵庫,山陽列車線,南畑,みなみはた,兵庫県明石市小久保南畑120-25,0,0
近畿,兵庫,山陽列車線,中谷第一,なかたにだいいち,兵庫県明石市藤江字三ツ池981-1,0,0
近畿,兵庫,山陽列車線,村南第一,むらみなみだいいち,兵庫県明石市大久保町森田字宅地148-2,0,0
近畿,兵庫,山陽列車線,宮の先第一,みやのさきだいいち,兵庫県明石市大久保町大久保町宮の先955-2,0,0
近畿,兵庫,山陽列車線,宮の先第三,みやのさきだいさん,兵庫県明石市大久保町大久保町宮の先914-3,0,0
近畿,兵庫,山陽列車線,板額,ばんがく,兵庫県明石市大久保町大久保町字板額309-5,0,0
近畿,兵庫,山陽列車線,巳野池,みのいけ,兵庫県明石市魚住町金ヶ崎字芦谷164-2,0,0
近畿,兵庫,山陽列車線,野路東,のじひがし,兵庫県明石市魚住町金ヶ崎字永長626-2,0,0
近畿,兵庫,山陽列車線,東谷上,ひがしたにがみ,兵庫県明石市魚住町長坂寺字五反田442,0,0
近畿,兵庫,山陽列車線,地西,じにし,兵庫県明石市魚住町長坂寺字越前259-4,0,0
近畿,兵庫,山陽列車線,向山西,むかいやまにし,兵庫県明石市魚住町中尾字新田609,0,0
近畿,兵庫,山陽列車線,山の神第二,やまのかみだいに,兵庫県明石市魚住町西岡字アタマ503-18,0,0
近畿,兵庫,山陽列車線,山の神第四,やまのかみだいよん,兵庫県明石市魚住町西岡字山畑502-7,0,0
近畿,兵庫,山陽列車線,猪之方谷第一,いのこだにだいいち,兵庫県明石市魚住町西岡字戊ノ方谷2177-4,0,0
近畿,兵庫,山陽列車線,向川第一,むかいがわだいいち,兵庫県明石市二見町福里字高野161-1,0,0
近畿,兵庫,山陽列車線,大道里第二,だいどうさとだいに,兵庫県明石市二見町福里字大道里320-2,0,0
近畿,兵庫,山陽列車線,西上岡,にしかみおか,兵庫県明石市二見町西二見字中上岡2027-1,0,0
近畿,兵庫,山陽列車線,鉄鋳場,てっちゅうば,兵庫県播磨町野添字鉄鋳場1701-8,0,0
近畿,兵庫,山陽列車線,薬師浦第二,やくしうらだいに,兵庫県加古川市平岡町土山字南浦978-1,0,0
近畿,兵庫,山陽列車線,勝負中,しょうぶなか,兵庫県加古川市平岡町土山字勝負881-3,0,0
近畿,兵庫,山陽列車線,勝負下,しょうぶした,兵庫県加古川市平岡町土山字勝負853-2,0,0
近畿,兵庫,山陽列車線,馬場田三,ばばださん,兵庫県加古川市平岡町高畑字馬場田686-3,0,0
近畿,兵庫,山陽列車線,長ヶ林東,ちょうがばやしひがし,兵庫県加古川市平岡町高畑字長林820-4,0,0
近畿,兵庫,山陽列車線,大割上,おおわりかみ,兵庫県加古川市平岡町西谷字大割26-2,0,0
近畿,兵庫,山陽列車線,上土堤一,かみどていち,兵庫県加古川市平岡町新在家字上戸手1567-8,0,0
近畿,兵庫,山陽列車線,広畑東,ひろはたひがし,兵庫県加古川市平岡町新在家字広畑823-2,0,0
近畿,兵庫,山陽列車線,宮東第一,みやひがしだいいち,兵庫県加古川市野口町野口字大坪305-9,0,0
近畿,兵庫,山陽列車線,宮東第三,みやひがしだいさん,兵庫県加古川市野口町北野字宮の前352-2,0,0
近畿,兵庫,山陽列車線,辻東上,つじひがしかみ,兵庫県加古川市野口町野口字古屋敷416-1,0,0
近畿,兵庫,山陽列車線,辻東下,つじひがしした,兵庫県加古川市野口町野口字辻の東855-1,0,0
近畿,兵庫,山陽列車線,出張中,でばりなか,兵庫県加古川市東神吉町西井之口字出張885-1,0,0
近畿,兵庫,山陽列車線,棚田上,たなだかみ,兵庫県加古川市米田町平津字谷田231-2,0,0
近畿,兵庫,山陽列車線,一の坪,いちのつぼ,兵庫県高砂市米田町神瓜字一の坪106-1,0,0
近畿,兵庫,山陽列車線,東川,あずまがわ,兵庫県高砂市米田町島字才田47-1,0,0
近畿,兵庫,山陽列車線,松本西,まつもとにし,兵庫県高砂市阿弥陀町魚橋字壱丁田323-2,0,0
近畿,兵庫,山陽列車線,尾の下東,おのしたひがし,兵庫県高砂市阿弥陀町魚橋字茶屋前502-1,0,0
近畿,兵庫,山陽列車線,池崎東,いけざきひがし,兵庫県高砂市阿弥陀町魚橋字池崎1042-1,0,0
近畿,兵庫,山陽列車線,向沖東,むかいおきひがし,兵庫県高砂市阿弥陀町南池字庄境12-1,0,0
近畿,兵庫,山陽列車線,阿弥陀,あみだ,兵庫県高砂市阿弥陀町阿弥陀字南出口1365-3,0,0
近畿,兵庫,山陽列車線,高尾東,たかおひがし,兵庫県高砂市阿弥陀町字高尾東1749-2,0,0
近畿,兵庫,山陽列車線,村南一,むらみなみいち,兵庫県高砂市阿弥陀町字寺ノ前2845-2,0,0
近畿,兵庫,山陽列車線,金ケ田,かなげだ,兵庫県高砂市阿弥陀町阿弥陀1丁目2556-2,34.793637,134.780077
近畿,兵庫,山陽列車線,法華原一,ほっけはらいち,兵庫県姫路市別所町小林字法ヶ原337-2,0,0
近畿,兵庫,山陽列車線,黒畑上,くろばたかみ,兵庫県姫路市別所町北宿字堂田1126-2,0,0
近畿,兵庫,山陽電車線,東田上,ひがしたがみ,兵庫県垂水区西舞子2-3-2,34.637025,135.030432
近畿,兵庫,山陽電車線,西川下,にしかわしも,兵庫県垂水区西舞子5-1-7,0,0
近畿,兵庫,山陽電車線,大谷上甲,おおたにがみこう,兵庫県垂水区西舞子6丁目,34.642752,135.024821
近畿,兵庫,山陽列車線,一の手西,いちのてにし,兵庫県須磨区松風町7-1-8,0,0
近畿,兵庫,山陽列車線,離宮道,りきゅうみち,兵庫県須磨区行幸2-2-14,34.644828,135.121587
近畿,兵庫,山陽列車線,西天神,にしてんじん,兵庫県須磨区須磨浦通り2-1-30,34.643123,135.112963
近畿,兵庫,山陽列車線,宿道上,やどのみちうえ,兵庫県須磨区須磨浦2-3-20,0,0
近畿,兵庫,山陽列車線,千守,ちもり,兵庫県須磨区須磨浦3-3-11,0,0
近畿,兵庫,山陽列車線,須磨浦,すまうら,兵庫県須磨区須磨浦6-1-5,0,0
近畿,兵庫,姫新線,西延末,にしのぶすえ,兵庫県姫路市西延末字加々杭392-11,0,0
近畿,兵庫,姫新線,胄山,かぶとやま,兵庫県姫路市西延末字胄341-2,0,0
近畿,兵庫,姫新線,胄山弐,かぶとやまに,兵庫県姫路市西延末字伏田203-3,0,0
近畿,兵庫,姫新線,西庄東,にししょうひがし,兵庫県姫路市西庄字九堀121-3,0,0
近畿,兵庫,姫新線,西庄西,にししょうにし,兵庫県姫路市西庄字九堀121-3,0,0
近畿,兵庫,姫新線,八町,はっちょう,兵庫県姫路市西庄字九堀154-3,0,0
近畿,兵庫,姫新線,前川一,まえかわいち,兵庫県姫路市土山四丁目630-2,34.832388,134.669186
近畿,兵庫,姫新線,前川,まえかわ,兵庫県姫路市土山四丁目648-3,0,0
近畿,兵庫,姫新線,宮の前（1）,みやのまえ,兵庫県姫路市土山四丁目545-2,34.832388,134.669186
近畿,兵庫,姫新線,宮の西,みやのにし,兵庫県姫路市土山六丁目744-2,34.833083,134.665659
近畿,兵庫,姫新線,綿所,わたしょ,兵庫県姫路市土山七丁目831-3,34.836685,134.665795
近畿,兵庫,姫新線,別所,べっしょ,兵庫県姫路市東今宿三丁目781-4,0,0
近畿,兵庫,姫新線,縄手の下,なわてのした,兵庫県姫路市西今宿一丁目626-6,34.841737,134.657287
近畿,兵庫,姫新線,手野,ての,兵庫県姫路市下手野字梅ヶ坪374-2,0,0
近畿,兵庫,姫新線,宮前,みやまえ,兵庫県姫路市下手野字内田355-3,0,0
近畿,兵庫,姫新線,内田,うちだ,兵庫県姫路市下手野字内田340-3,0,0
近畿,兵庫,姫新線,向畑,むこうはた,兵庫県姫路市下手野字向畑786-5,0,0
近畿,兵庫,姫新線,遠山,とおやま,兵庫県姫路市青山字南上野田111-7,0,0
近畿,兵庫,姫新線,取手,とりて,兵庫県姫路市飾西字下地垣内599-12,0,0
近畿,兵庫,姫新線,川原田,かわはらだ,兵庫県姫路市飾西字川原田439-8,0,0
近畿,兵庫,姫新線,中添,なかぞえ,兵庫県姫路市飾西字中添496-3,0,0
近畿,兵庫,姫新線,三反長,さんたんちょう,兵庫県姫路市飾西字三反長265-3,0,0
近畿,兵庫,姫新線,長の池,ながのいけ,兵庫県姫路市飾西字大平745-39,0,0
近畿,兵庫,姫新線,四十町,しじゅうまち,兵庫県姫路市飾西字長尾四十町577-3,0,0
近畿,兵庫,姫新線,相野,あいの,兵庫県姫路市飾西字高田317-6,0,0
近畿,兵庫,姫新線,西脇,にしわき,兵庫県姫路市西脇字構の内444-8,0,0
近畿,兵庫,姫新線,学校前,がっこうまえ,兵庫県姫路市西脇字構の内428-3,0,0
近畿,兵庫,姫新線,寺西,てらにし,兵庫県姫路市西脇字構の内522-5,0,0
近畿,兵庫,姫新線,三味,さんまい,兵庫県姫路市西脇字構の内607-2,0,0
近畿,兵庫,姫新線,新寺門,しんてらもん,兵庫県姫路市西脇字池の下810-1,0,0
近畿,兵庫,姫新線,丸山,まるやま,兵庫県姫路市西脇字鷹の子1582-9,0,0
近畿,兵庫,姫新線,林田川,はやしだがわ,兵庫県たつの市龍野町未政字向川原249-5,0,0
近畿,兵庫,姫新線,末政,すえまさ,兵庫県たつの市龍野町未政字藪下149-3,0,0
近畿,兵庫,姫新線,中村第一,なかむらだいいち,兵庫県たつの市龍野町中村字宮川232-4,0,0
近畿,兵庫,姫新線,中村第二,なかむらだいに,兵庫県たつの市龍野町中村字向田256-3,0,0
近畿,兵庫,姫新線,中村第三,なかむらだいさん,兵庫県たつの市龍野町中村字向田284-3,0,0
近畿,兵庫,姫新線,富永,とみなが,兵庫県たつの市龍野町日飼字柿本199-3,0,0
近畿,兵庫,姫新線,竜中前,たっちゅうまえ,兵庫県たつの市龍野町日飼字柿本206-3,0,0
近畿,兵庫,姫新線,片山,かたやま,兵庫県たつの市龍野町日飼字川の上81-5,0,0
近畿,兵庫,姫新線,片山第一,かたやまだいいち,兵庫県たつの市龍野町島田字下山根809-2,0,0
近畿,兵庫,姫新線,高田,たかだ,兵庫県たつの市龍野町島田字高田345-3,0,0
近畿,兵庫,姫新線,島田第三,しまだだいさん,兵庫県たつの市龍野町島田字宝満251-5,0,0
近畿,兵庫,姫新線,神岡,かみおか,兵庫県たつの市神岡町東觜崎字小那田541-4,34.881857,134.556395
近畿,兵庫,姫新線,佐用街道,さようかいどう,兵庫県たつの市神岡町字大住寺449-3,34.889988,134.558237
近畿,兵庫,姫新線,揖保川堤防,いぼがわていぼう,兵庫県たつの市新宮町觜崎字天満445-2,34.893933,134.553619
近畿,兵庫,姫新線,北村第二,きたむらだいに,兵庫県たつの市新宮町北村字車田71-2,34.897901,134.550644
近畿,兵庫,姫新線,河原,かわはら,兵庫県たつの市新宮町北村字車田122-3,34.899099,134.550357
近畿,兵庫,姫新線,千原,ちはら,兵庫県たつの市新宮町北村字車田151-2,34.900427,134.550112
近畿,兵庫,姫新線,猪の原一,いのはらいち,兵庫県たつの市新宮町井野原字竹端694-2,34.90586,134.550225
近畿,兵庫,姫新線,猪の原二,いのはらに,兵庫県たつの市新宮町井野原字下向川原719-3,34.90711,134.55026
近畿,兵庫,姫新線,立石,たていし,兵庫県たつの市新宮町井野原字井口941-3,34.910788,134.550359
近畿,兵庫,姫新線,砂子,すなご,兵庫県たつの市新宮町井野原字上新田1-25,34.913177,134.550015
近畿,兵庫,姫新線,魚芳,うおよし,兵庫県たつの市新宮町新宮字中河原982-7,0,0
近畿,兵庫,姫新線,宮の前（2）,みやのまえ,兵庫県たつの市新宮町新宮字元町1044-2,0,0
近畿,兵庫,姫新線,山崎街道,やまざきかいどう,兵庫県たつの市新宮町新宮字元町1054-4,0,0
近畿,兵庫,姫新線,新宮三,しんぐうさん,兵庫県たつの市新宮町新宮字元町1050-4,0,0
近畿,兵庫,姫新線,旧山崎街道,きゅうやまざきかいどう,兵庫県たつの市新宮町新宮字新町575-2,0,0
近畿,兵庫,姫新線,大鳥,おおとり,兵庫県たつの市新宮町新宮字境田204-7,0,0
近畿,兵庫,姫新線,平野第二,ひらのだいに,兵庫県たつの市新宮町平野字丁田397-5,0,0
近畿,兵庫,姫新線,平野第三,ひらのだいさん,兵庫県たつの市新宮町平野字門田665-2,0,0
近畿,兵庫,姫新線,出茶屋,でぢゃや,兵庫県たつの市新宮町平野字岸ノ下820-3,0,0
近畿,兵庫,姫新線,能地第一,のうちだいいち,兵庫県たつの市新宮町能地字バントメ128-4,0,0
近畿,兵庫,姫新線,福栖,ふくす,兵庫県たつの市新宮町福栖字森本678-6,0,0
近畿,兵庫,姫新線,金井,かない,兵庫県たつの市新宮町千本字下河原2280-2,0,0
近畿,兵庫,姫新線,千本街道,せんぼんかいどう,兵庫県たつの市新宮町千本字出口1948-4,0,0
近畿,兵庫,姫新線,千本第二,せんぼんだいに,兵庫県たつの市新宮町千本字南1863-4,0,0
近畿,兵庫,姫新線,大宇登,おおうど,兵庫県たつの市新宮町千本字大宇登12-5,0,0
近畿,兵庫,姫新線,広芝,ひろこげ,兵庫県たつの市新宮町栗町字岡の下164-7,0,0
近畿,兵庫,姫新線,町屋,まちや,兵庫県たつの市新宮町栗町字岡の下66-3,0,0
近畿,兵庫,姫新線,矢野原第二,やのはらだいに,兵庫県たつの市新宮町鍛冶屋字小別当477-3,0,0
近畿,兵庫,姫新線,小谷第二,こたにだいに,兵庫県たつの市新宮町下莇原字小谷284-3,0,0
近畿,兵庫,姫新線,能谷,のうたに,兵庫県佐用町三日月字上河原1824-3,0,0
近畿,兵庫,姫新線,猪谷,いのたに,兵庫県佐用町三日月字向1716-4,0,0
近畿,兵庫,姫新線,西田,にしだ,兵庫県佐用町三日月字西田1631-3,0,0
近畿,兵庫,姫新線,茶屋,ちゃや,兵庫県佐用町三日月字折口987-3,0,0
近畿,兵庫,姫新線,三日月,みかづき,兵庫県佐用町乃井野字赤社1573-3,0,0
近畿,兵庫,姫新線,野村第一,のむらだいいち,兵庫県佐用町乃井野字赤社1496-5,0,0
近畿,兵庫,姫新線,市の上,いちのうえ,兵庫県佐用町末広字南木の上163-5,0,0
近畿,兵庫,姫新線,新宿,しんじゅく,兵庫県佐用町末広字前田302-2,0,0
近畿,兵庫,姫新線,末広,すえひろ,兵庫県佐用町末広字樋の元900-3,0,0
近畿,兵庫,姫新線,第一長田,だいいちおさだ,兵庫県佐用町末広字後谷1401-98,0,0
近畿,兵庫,姫新線,宝蔵寺,ほうぞうじ,兵庫県佐用町土井字下長田44-5,0,0
近畿,兵庫,姫新線,第二土居,だいにどい,兵庫県佐用町土井字下川原476-3,0,0
近畿,兵庫,姫新線,大山谷,おおやまだに,兵庫県佐用町佐用字大坪3404-4,34.995576,134.358161
近畿,兵庫,姫新線,間島田,ましまだ,兵庫県佐用町佐用字間島田2896-9,0,0
近畿,兵庫,姫新線,山平,やまひら,兵庫県佐用町佐用字山平2494-3,0,0
近畿,兵庫,姫新線,前田,まえだ,兵庫県佐用町佐用字前田2388-4,0,0
近畿,兵庫,姫新線,大坪,おおつぼ,兵庫県佐用町佐用字前田2377-3,0,0
近畿,兵庫,姫新線,春草第一,はるくさだいいち,兵庫県佐用町山脇字ソウ木谷20-3,0,0
近畿,兵庫,姫新線,山脇第二,やまわきだいに,兵庫県佐用町山脇字前川原533-3,0,0
近畿,兵庫,姫新線,山脇第三,やまわきだいさん,兵庫県佐用町山脇字才田1068-2,0,0
近畿,兵庫,姫新線,早瀬第一,はやせだいいち,兵庫県佐用町山脇字浜河原1206-2,0,0
近畿,兵庫,姫新線,早瀬第二,はやせだいに,兵庫県佐用町早瀬字四拾代81-5,0,0
近畿,兵庫,姫新線,仁位,にい,兵庫県佐用町仁位字岡631-6,0,0
近畿,兵庫,姫新線,上月,こうづき,兵庫県佐用町上月字小山ヶ鼻509-3,0,0
近畿,兵庫,姫新線,小日山,こひやま,兵庫県佐用町力万字西畑239-2,0,0
近畿,兵庫,姫新線,力万,りきまん,兵庫県佐用町西大畠字竹田1-2,0,0
近畿,兵庫,山陽列車線,中川原二,なかがわらに,兵庫県姫路市別所町別所字西芝崎799-1,0,0
近畿,兵庫,山陽列車線,五反坪二,ごたんつぼに,兵庫県姫路市御国野町御着字深見210-2,0,0
近畿,兵庫,山陽列車線,横田西,よこたにし,兵庫県姫路市御国野町御着字横田432-1,0,0
近畿,兵庫,山陽列車線,牛堂前,うしどうまえ,兵庫県姫路市御国野町御着字牛堂前636-2,0,0
近畿,兵庫,山陽列車線,栗の森,くりのもり,兵庫県姫路市岡田字北の町625-6,0,0
近畿,兵庫,山陽列車線,棚田,たなだ,兵庫県姫路市町の坪字棚田170-3,0,0
近畿,兵庫,山陽列車線,豆田第三,まめだだいさん,兵庫県姫路市町の坪字豆田493-1,0,0
近畿,兵庫,山陽列車線,池の下第一,いけのしただいいち,兵庫県姫路市苫編字池の下41-2,0,0
近畿,兵庫,山陽列車線,村前第一,むらまえだいいち,兵庫県姫路市苫編字村前184-1,0,0
近畿,兵庫,山陽列車線,大野第一,おおのだいいち,兵庫県姫路市飾磨区付城字大野68-3,0,0
近畿,兵庫,山陽列車線,春日,かすが,兵庫県姫路市飾磨区山崎字村東311-1,0,0
近畿,兵庫,山陽列車線,配賦,はいふ,兵庫県姫路市広畑区才字西配賦663-1,0,0
近畿,兵庫,山陽列車線,東配賦第二,ひがしはいふだいに,兵庫県姫路市広畑区才字西配賦653-1,0,0
近畿,兵庫,山陽列車線,石田,いしだ,兵庫県姫路市広畑区才字上石田1008-1,0,0
近畿,兵庫,山陽列車線,富津,とみつ,兵庫県姫路市広畑区才字富津107-3,0,0
近畿,兵庫,山陽列車線,町田,まちだ,兵庫県姫路市広畑区則直字八反町52-2,34.81024443,134.6177634
近畿,兵庫,山陽列車線,堤の下壱,つつみのしたいち,兵庫県姫路市勝原区熊見字堤の下407,34.81087745,134.6070446
近畿,兵庫,山陽列車線,五反田弐,ごたんだに,兵庫県姫路市勝原区山戸字五反長52-2,34.81138404,134.602234
近畿,兵庫,山陽列車線,五反田参,ごたんださん,兵庫県姫路市勝原区山戸字五反長56-2,34.81145479,134.6010528
近畿,兵庫,山陽列車線,上の坪壱,かみのつぼいち,兵庫県姫路市勝原区山戸字山戸243-2,34.81165105,134.5975679
近畿,兵庫,山陽列車線,上の坪参,かみのつぼさん,兵庫県姫路市勝原区山戸字恵美穂364-1,34.81174919,134.5960505
近畿,兵庫,山陽列車線,雉子落,きじおち,兵庫県姫路市勝原区朝日谷字雉子落233-1,34.81246574,134.5923626
近畿,兵庫,山陽列車線,岩ケ坪,いわがつぼ,兵庫県姫路市網干区和久字岩ヶ坪426-4,34.8138098,134.5863709
近畿,兵庫,山陽列車線,茶ノ木,ちゃのき,兵庫県姫路市網干区高田字茶の木362-1,34.8148524,134.5820931
近畿,兵庫,山陽列車線,柿の坪,かきのつぼ,兵庫県揖保郡太子町糸井字柿ヶ坪308-1,34.8152834,134.5802004
近畿,兵庫,山陽列車線,船代,ふなだい,兵庫県揖保郡太子町船代字稲荷66-22,34.818912,134.559974
近畿,兵庫,山陽列車線,下河原三,しもがはらさん,兵庫県揖保郡太子町船代字下河原100-1,34.819362,134.557298
近畿,兵庫,山陽列車線,村東,むらひがし,兵庫県たつの市揖保町東用字村東402-1,34.821618,134.547927
近畿,兵庫,山陽列車線,北垣内,きたかきうち,兵庫県たつの市揖保町西構字今木239-7,34.824995,134.541227
近畿,兵庫,山陽列車線,来光寺,らいこうじ,兵庫県たつの市揖保町今市字才の前36-2,34.82643538,34.82643538
近畿,兵庫,山陽列車線,清水,しみず,兵庫県たつの市揖保川町黍田字口入50-4,34.82582817,134.5245141
近畿,兵庫,山陽列車線,宮の下,みやのした,兵庫県たつの市揖保川町黍田字宮の下28-2,34.82582817,134.5245141
近畿,兵庫,山陽列車線,田灘,たなだ,兵庫県たつの市揖保川町原字田灘562-2,34.82315171,134.5116275
近畿,兵庫,山陽列車線,池田一,いけだいち,兵庫県たつの市揖保川町大門字池田459-3,34.82154996,134.5058943
近畿,兵庫,山陽列車線,土居三,どいさん,兵庫県相生市那波野字土居651-4,34.82012375,134.4949529
近畿,兵庫,山陽列車線,磨屋四,まやよん,兵庫県相生市那波野字研屋垣内765-2,34.82002101,134.491279
近畿,兵庫,山陽列車線,家の下三,いえのしたさん,兵庫県相生市池の内字家の下543-1,34.81890291,134.484423
近畿,兵庫,山陽列車線,東岡,ひがしおか,兵庫県相生市大石町字東岡736-1,34.8178684,134.4757824
近畿,兵庫,山陽列車線,緑ケ丘,みどりがおか,兵庫県相生市若狭野町入野字横山115-2,0,0
近畿,兵庫,山陽列車線,前田一,まえだいち,兵庫県相生市若狭野町入野字池の内903-4,0,0
近畿,兵庫,山陽列車線,前田四,まえだよん,兵庫県相生市若狭野町入野字池の内806-2,0,0
近畿,兵庫,山陽列車線,大町筋,おおまちすじ,兵庫県相生市若狭野町野々字大町筋363-2,0,0
近畿,兵庫,山陽列車線,西上佐一,にしあげさいち,兵庫県相生市若狭野町野々字中上在460-1,0,0
近畿,兵庫,山陽列車線,雨内,あまうち,兵庫県相生市若狭野町野々字西原88-2,0,0
近畿,兵庫,山陽列車線,大坪二,おおつぼに,兵庫県相生市若狭野町福井字大坪407-2,0,0
近畿,兵庫,山陽列車線,焼間田,やきまた,兵庫県相生市若狭野町福井字焼間田65-1,0,0
近畿,兵庫,山陽列車線,小山田二,おやまだに,兵庫県相生市若狭野町若狭野字小山田131-1,0,0
近畿,兵庫,山陽列車線,天通り二,あまどおりに,兵庫県赤穂市牟礼字天通り321,0,0
近畿,兵庫,山陽列車線,畑二,はたに,兵庫県赤穂市横尾字畑64-1,0,0
近畿,兵庫,山陽列車線,松ヶ瀬,まつがせ,兵庫県赤穂市有年横尾(付近),34.829883,134.3993464
近畿,兵庫,山陽列車線,北原,きたはら,兵庫県赤穂市原字北原191-2,0,0
近畿,兵庫,山陽列車線,観音一,かんのんいち,兵庫県赤穂市原字観音下1064-1,0,0
近畿,兵庫,山陽列車線,柏原,かしはら,兵庫県赤穂市有年楢原,34.849444,134.376716
近畿,兵庫,山陽列車線,南二,みなみに,兵庫県上郡町釜島字南396-78,0,0
近畿,兵庫,山陽列車線,寺の下三,てらのしたさん,兵庫県赤穂郡上郡町釜島字寺の下260-3,0,0
近畿,兵庫,山陽列車線,高尾三,たかおさん,兵庫県赤穂群上郡町釜島字高畑131-2,0,0
近畿,兵庫,山陽列車線,的打一,まとうちいち,兵庫県赤穂郡上郡町与井新字的打255-1,0,0
近畿,兵庫,山陽列車線,的打二,まとうちに,兵庫県赤穂郡上郡町与井新字的打204-2,0,0
近畿,兵庫,山陽列車線,馬場参,ばばさん,兵庫県赤穂郡上郡町与井字東門553-3,0,0
近畿,兵庫,山陽列車線,宮の下,みやのした,兵庫県赤穂郡上郡町与井字長通268-5,0,0
近畿,兵庫,山陽列車線,寺前一,てらまえいち,兵庫県赤穂郡上郡町与井字大倉174-1,0,0
近畿,兵庫,山陽列車線,古屋敷一,ふるやしきいち,兵庫県赤穂郡上郡町竹万字古屋敷319-1,0,0
近畿,兵庫,山陽列車線,山の里,やまのさと,兵庫県赤穂郡上郡町山の里字下神田2362-2,0,0
近畿,兵庫,山陽列車線,走り上り,はしりあがり,兵庫県赤穂郡上郡町船坂字五反田82-3,0,0
近畿,兵庫,山陽列車線,麦尻の前,むぎじりのまえ,兵庫県赤穂郡上郡町船坂字麦尻前297-2,0,0
近畿,兵庫,山陽列車線,西方寺,さいほうじ,兵庫県赤穂郡上郡町船坂字コハカ免707,0,0
近畿,兵庫,山陽列車線,梨ケ原国道,なしがはらこくどう,兵庫県赤穂郡上郡町梨ヶ原字尾の鼻104,0,0
近畿,兵庫,赤穂線,那波,なば,兵庫県相生市那波字深辺1888-3,0,0
近畿,兵庫,赤穂線,浜市第二,はまいちだいに,兵庫県赤穂市坂越字寺内314-2,0,0
近畿,兵庫,赤穂線,砂子,まなご,兵庫県赤穂市坂越字茶木内99-4,0,0
近畿,兵庫,赤穂線,北野中第二,きたのなかだいに,兵庫県赤穂市北野中字瓦師289-2,0,0
近畿,兵庫,赤穂線,北野中第三,きたのなかだいさん,兵庫県赤穂市北野中字新田402-2,0,0
近畿,兵庫,赤穂線,北野中第四,きたのなかだいよん,兵庫県赤穂市南野中字島田166-2,0,0
近畿,兵庫,赤穂線,南野中第一,みなみのなかだいいち,兵庫県赤穂市南野中字島田203-19,0,0
近畿,兵庫,赤穂線,南野中第二,みなみのなかだいに,兵庫県赤穂市南野中字島田251-2,0,0
近畿,兵庫,赤穂線,加里屋第一,かりやだいいち,兵庫県赤穂市中広字別所108-11,0,0
近畿,兵庫,赤穂線,加里屋第三,かりやだいさん,兵庫県赤穂市加里屋字中州22-3,0,0
近畿,兵庫,赤穂線,加里屋第四,かりやだいよん,兵庫県赤穂市加里屋字岩453-3,0,0
近畿,兵庫,赤穂線,三ツ樋元第一,みつひもとだいいち,兵庫県赤穂市新田字三ツ樋元999-6,0,0
近畿,兵庫,赤穂線,前田,まえだ,兵庫県赤穂市鷆和字古浜623,0,0
近畿,兵庫,赤穂線,野々内第二,ののうちだいに,兵庫県赤穂市鷆和字野々内1121-3,0,0
近畿,兵庫,赤穂線,野々内第四,ののうちだいよん,兵庫県赤穂市鷆和字野々内1096-4,0,0
近畿,兵庫,赤穂線,野々内第五,ののうちだいご,兵庫県赤穂市鷆和字野々内1079-26,0,0
近畿,兵庫,赤穂線,福浦第一,ふくうらだいいち,兵庫県赤穂市福浦字東木場3103-8,34.746761,134.329729